{
  "export_date": "2025-10-08T23:29:07.569317",
  "total_forms": 26,
  "forms": [
    {
      "id": 1,
      "nombre_completo": "Josue Emmanuel Flores Carballo",
      "correo_institucional": "josue@gmail.com",
      "a\u00f1o_academico": 2025,
      "trimestre": "Trimestre 1",
      "estado": "APROBADO",
      "fecha_envio": "2025-10-08T17:38:54.688703",
      "fecha_revision": "2025-10-08T18:19:06.716603",
      "revisado_por": "streamlit_admin",
      "cursos_capacitacion": [
        {
          "nombre_curso": "Metodolog\u00edas Activas de Aprendizaje",
          "fecha": "2025-03-15",
          "horas": 40
        }
      ],
      "publicaciones": [],
      "eventos_academicos": [],
      "diseno_curricular": [],
      "movilidad": [],
      "reconocimientos": [],
      "certificaciones": [
        {
          "nombre": "IA",
          "fecha_obtencion": "2025-10-01",
          "fecha_vencimiento": "2025-10-31",
          "vigente": true
        }
      ]
    },
    {
      "id": 2,
      "nombre_completo": "jOSUE EMMANUEL FLORES C ARBALO",
      "correo_institucional": "JOSUE@hotmail.com",
      "a\u00f1o_academico": 2025,
      "trimestre": "Trimestre 1",
      "estado": "APROBADO",
      "fecha_envio": "2025-10-08T17:50:12.423773",
      "fecha_revision": "2025-10-08T18:19:21.692764",
      "revisado_por": "streamlit_admin",
      "cursos_capacitacion": [],
      "publicaciones": [],
      "eventos_academicos": [],
      "diseno_curricular": [],
      "movilidad": [],
      "reconocimientos": [],
      "certificaciones": [
        {
          "nombre": "IA",
          "fecha_obtencion": "2025-10-08",
          "fecha_vencimiento": "2025-10-30",
          "vigente": true
        }
      ]
    },
    {
      "id": 3,
      "nombre_completo": "Rasputia Culiacan",
      "correo_institucional": "Rasputia@gmail.com",
      "a\u00f1o_academico": 2025,
      "trimestre": "Trimestre 1",
      "estado": "APROBADO",
      "fecha_envio": "2025-10-08T18:09:13.130759",
      "fecha_revision": "2025-10-08T18:19:12.768599",
      "revisado_por": "streamlit_admin",
      "cursos_capacitacion": [],
      "publicaciones": [],
      "eventos_academicos": [],
      "diseno_curricular": [
        {
          "nombre_curso": "IA GENERATIVA",
          "descripcion": "CUROS DE INTELIGENCIA ARTIFICAL GENERATIVA"
        }
      ],
      "movilidad": [],
      "reconocimientos": [],
      "certificaciones": []
    },
    {
      "id": 4,
      "nombre_completo": "prueba maestro 1",
      "correo_institucional": "maestro1@gmial.com",
      "a\u00f1o_academico": 2025,
      "trimestre": "Trimestre 1",
      "estado": "APROBADO",
      "fecha_envio": "2025-10-08T18:45:35.330782",
      "fecha_revision": "2025-10-08T18:49:04.526064",
      "revisado_por": "streamlit_admin",
      "cursos_capacitacion": [],
      "publicaciones": [
        {
          "autores": "Elenes,Luis,Eduardo,Valenzuela",
          "titulo": "Los penes hablan",
          "evento_revista": "Revista",
          "estatus": "ACEPTADO"
        }
      ],
      "eventos_academicos": [
        {
          "nombre_evento": "Feria de libros",
          "fecha": "2025-10-01",
          "tipo_participacion": "PARTICIPANTE"
        }
      ],
      "diseno_curricular": [],
      "movilidad": [],
      "reconocimientos": [],
      "certificaciones": []
    },
    {
      "id": 5,
      "nombre_completo": "Nigga",
      "correo_institucional": "nigga@gmail.com",
      "a\u00f1o_academico": 2025,
      "trimestre": "Trimestre 3",
      "estado": "RECHAZADO",
      "fecha_envio": "2025-10-08T19:42:34.690654",
      "fecha_revision": "2025-10-08T19:46:52.655334",
      "revisado_por": "streamlit_admin",
      "cursos_capacitacion": [],
      "publicaciones": [],
      "eventos_academicos": [],
      "diseno_curricular": [],
      "movilidad": [],
      "reconocimientos": [],
      "certificaciones": [
        {
          "nombre": "Education Certified Trainer",
          "fecha_obtencion": "2025-10-08",
          "fecha_vencimiento": "2026-10-16",
          "vigente": true
        },
        {
          "nombre": "USING KIRO",
          "fecha_obtencion": "2025-10-31",
          "fecha_vencimiento": "2026-10-30",
          "vigente": true
        }
      ]
    },
    {
      "id": 6,
      "nombre_completo": "Josue Emmanuel Flores Carballo",
      "correo_institucional": "josue@gmail.com",
      "a\u00f1o_academico": 2025,
      "trimestre": "Trimestre 1",
      "estado": "APROBADO",
      "fecha_envio": "2025-10-08T17:38:54.688703",
      "fecha_revision": "2025-10-08T18:19:06.716603",
      "revisado_por": "streamlit_admin",
      "cursos_capacitacion": [
        {
          "nombre_curso": "Metodolog\u00edas Activas de Aprendizaje",
          "fecha": "2025-03-15",
          "horas": 40
        }
      ],
      "publicaciones": [],
      "eventos_academicos": [],
      "diseno_curricular": [],
      "movilidad": [],
      "reconocimientos": [],
      "certificaciones": [
        {
          "nombre": "IA",
          "fecha_obtencion": "2025-10-01",
          "fecha_vencimiento": "2025-10-31",
          "vigente": true
        }
      ]
    },
    {
      "id": 7,
      "nombre_completo": "jOSUE EMMANUEL FLORES C ARBALO",
      "correo_institucional": "JOSUE@hotmail.com",
      "a\u00f1o_academico": 2025,
      "trimestre": "Trimestre 1",
      "estado": "APROBADO",
      "fecha_envio": "2025-10-08T17:50:12.423773",
      "fecha_revision": "2025-10-08T18:19:21.692764",
      "revisado_por": "streamlit_admin",
      "cursos_capacitacion": [],
      "publicaciones": [],
      "eventos_academicos": [],
      "diseno_curricular": [],
      "movilidad": [],
      "reconocimientos": [],
      "certificaciones": [
        {
          "nombre": "IA",
          "fecha_obtencion": "2025-10-08",
          "fecha_vencimiento": "2025-10-30",
          "vigente": true
        }
      ]
    },
    {
      "id": 8,
      "nombre_completo": "Rasputia Culiacan",
      "correo_institucional": "Rasputia@gmail.com",
      "a\u00f1o_academico": 2025,
      "trimestre": "Trimestre 1",
      "estado": "APROBADO",
      "fecha_envio": "2025-10-08T18:09:13.130759",
      "fecha_revision": "2025-10-08T18:19:12.768599",
      "revisado_por": "streamlit_admin",
      "cursos_capacitacion": [],
      "publicaciones": [],
      "eventos_academicos": [],
      "diseno_curricular": [
        {
          "nombre_curso": "IA GENERATIVA",
          "descripcion": "CUROS DE INTELIGENCIA ARTIFICAL GENERATIVA"
        }
      ],
      "movilidad": [],
      "reconocimientos": [],
      "certificaciones": []
    },
    {
      "id": 9,
      "nombre_completo": "prueba maestro 1",
      "correo_institucional": "maestro1@gmial.com",
      "a\u00f1o_academico": 2025,
      "trimestre": "Trimestre 1",
      "estado": "APROBADO",
      "fecha_envio": "2025-10-08T18:45:35.330782",
      "fecha_revision": "2025-10-08T18:49:04.526064",
      "revisado_por": "streamlit_admin",
      "cursos_capacitacion": [],
      "publicaciones": [
        {
          "autores": "Elenes,Luis,Eduardo,Valenzuela",
          "titulo": "Los penes hablan",
          "evento_revista": "Revista",
          "estatus": "ACEPTADO"
        }
      ],
      "eventos_academicos": [
        {
          "nombre_evento": "Feria de libros",
          "fecha": "2025-10-01",
          "tipo_participacion": "PARTICIPANTE"
        }
      ],
      "diseno_curricular": [],
      "movilidad": [],
      "reconocimientos": [],
      "certificaciones": []
    },
    {
      "id": 10,
      "nombre_completo": "Nigga",
      "correo_institucional": "nigga@gmail.com",
      "a\u00f1o_academico": 2025,
      "trimestre": "Trimestre 3",
      "estado": "RECHAZADO",
      "fecha_envio": "2025-10-08T19:42:34.690654",
      "fecha_revision": "2025-10-08T19:46:52.655334",
      "revisado_por": "streamlit_admin",
      "cursos_capacitacion": [],
      "publicaciones": [],
      "eventos_academicos": [],
      "diseno_curricular": [],
      "movilidad": [],
      "reconocimientos": [],
      "certificaciones": [
        {
          "nombre": "Education Certified Trainer",
          "fecha_obtencion": "2025-10-08",
          "fecha_vencimiento": "2026-10-16",
          "vigente": true
        },
        {
          "nombre": "USING KIRO",
          "fecha_obtencion": "2025-10-31",
          "fecha_vencimiento": "2026-10-30",
          "vigente": true
        }
      ]
    },
    {
      "id": 11,
      "nombre_completo": "Dr. Juan P\u00e9rez Docente 1",
      "correo_institucional": "docente1@universidad.edu",
      "a\u00f1o_academico": 2024,
      "trimestre": "Q4",
      "estado": "APROBADO",
      "fecha_envio": "2025-10-09T05:22:49.683680",
      "fecha_revision": "2025-10-09T05:22:49.870442",
      "revisado_por": "test_admin",
      "cursos_capacitacion": [
        {
          "nombre_curso": "Metodolog\u00edas Activas de Aprendizaje 1",
          "fecha": "2024-09-15",
          "horas": 40
        },
        {
          "nombre_curso": "Tecnolog\u00edas Educativas Digitales 1",
          "fecha": "2024-10-20",
          "horas": 30
        }
      ],
      "publicaciones": [
        {
          "autores": "P\u00e9rez, J., Garc\u00eda, M. 1",
          "titulo": "Innovaci\u00f3n Educativa en el Siglo XXI - Estudio 1",
          "evento_revista": "Revista de Educaci\u00f3n Superior",
          "estatus": "PUBLICADO"
        },
        {
          "autores": "P\u00e9rez, J. 1",
          "titulo": "Metodolog\u00edas de Investigaci\u00f3n Aplicada 1",
          "evento_revista": "Congreso Internacional de Educaci\u00f3n",
          "estatus": "ACEPTADO"
        }
      ],
      "eventos_academicos": [
        {
          "nombre_evento": "Seminario de Innovaci\u00f3n Educativa 1",
          "fecha": "2024-11-05",
          "tipo_participacion": "ORGANIZADOR"
        },
        {
          "nombre_evento": "Conferencia Nacional de Docencia 1",
          "fecha": "2024-12-01",
          "tipo_participacion": "PARTICIPANTE"
        }
      ],
      "diseno_curricular": [
        {
          "nombre_curso": "Fundamentos de Investigaci\u00f3n 1",
          "descripcion": "Curso dise\u00f1ado para estudiantes de pregrado 1"
        }
      ],
      "movilidad": [
        {
          "descripcion": "Intercambio acad\u00e9mico Universidad Internacional 1",
          "tipo": "INTERNACIONAL",
          "fecha": "2024-08-15"
        }
      ],
      "reconocimientos": [
        {
          "nombre": "Mejor Docente del A\u00f1o 1",
          "tipo": "PREMIO",
          "fecha": "2024-12-10"
        }
      ],
      "certificaciones": [
        {
          "nombre": "Certificaci\u00f3n en Docencia Universitaria 1",
          "fecha_obtencion": "2024-06-01",
          "fecha_vencimiento": "2026-06-01",
          "vigente": true
        }
      ]
    },
    {
      "id": 12,
      "nombre_completo": "Dr. Juan P\u00e9rez Docente 2",
      "correo_institucional": "docente2@universidad.edu",
      "a\u00f1o_academico": 2024,
      "trimestre": "Q4",
      "estado": "APROBADO",
      "fecha_envio": "2025-10-09T05:22:49.779323",
      "fecha_revision": "2025-10-09T05:22:49.890572",
      "revisado_por": "test_admin",
      "cursos_capacitacion": [
        {
          "nombre_curso": "Metodolog\u00edas Activas de Aprendizaje 2",
          "fecha": "2024-09-15",
          "horas": 40
        },
        {
          "nombre_curso": "Tecnolog\u00edas Educativas Digitales 2",
          "fecha": "2024-10-20",
          "horas": 30
        }
      ],
      "publicaciones": [
        {
          "autores": "P\u00e9rez, J., Garc\u00eda, M. 2",
          "titulo": "Innovaci\u00f3n Educativa en el Siglo XXI - Estudio 2",
          "evento_revista": "Revista de Educaci\u00f3n Superior",
          "estatus": "PUBLICADO"
        },
        {
          "autores": "P\u00e9rez, J. 2",
          "titulo": "Metodolog\u00edas de Investigaci\u00f3n Aplicada 2",
          "evento_revista": "Congreso Internacional de Educaci\u00f3n",
          "estatus": "ACEPTADO"
        }
      ],
      "eventos_academicos": [
        {
          "nombre_evento": "Seminario de Innovaci\u00f3n Educativa 2",
          "fecha": "2024-11-05",
          "tipo_participacion": "ORGANIZADOR"
        },
        {
          "nombre_evento": "Conferencia Nacional de Docencia 2",
          "fecha": "2024-12-01",
          "tipo_participacion": "PARTICIPANTE"
        }
      ],
      "diseno_curricular": [
        {
          "nombre_curso": "Fundamentos de Investigaci\u00f3n 2",
          "descripcion": "Curso dise\u00f1ado para estudiantes de pregrado 2"
        }
      ],
      "movilidad": [
        {
          "descripcion": "Intercambio acad\u00e9mico Universidad Internacional 2",
          "tipo": "INTERNACIONAL",
          "fecha": "2024-08-15"
        }
      ],
      "reconocimientos": [
        {
          "nombre": "Mejor Docente del A\u00f1o 2",
          "tipo": "PREMIO",
          "fecha": "2024-12-10"
        }
      ],
      "certificaciones": [
        {
          "nombre": "Certificaci\u00f3n en Docencia Universitaria 2",
          "fecha_obtencion": "2024-06-01",
          "fecha_vencimiento": "2026-06-01",
          "vigente": true
        }
      ]
    },
    {
      "id": 13,
      "nombre_completo": "Dr. Juan P\u00e9rez Docente 3",
      "correo_institucional": "docente3@universidad.edu",
      "a\u00f1o_academico": 2024,
      "trimestre": "Q4",
      "estado": "APROBADO",
      "fecha_envio": "2025-10-09T05:22:49.798423",
      "fecha_revision": "2025-10-09T05:22:49.907196",
      "revisado_por": "test_admin",
      "cursos_capacitacion": [
        {
          "nombre_curso": "Metodolog\u00edas Activas de Aprendizaje 3",
          "fecha": "2024-09-15",
          "horas": 40
        },
        {
          "nombre_curso": "Tecnolog\u00edas Educativas Digitales 3",
          "fecha": "2024-10-20",
          "horas": 30
        }
      ],
      "publicaciones": [
        {
          "autores": "P\u00e9rez, J., Garc\u00eda, M. 3",
          "titulo": "Innovaci\u00f3n Educativa en el Siglo XXI - Estudio 3",
          "evento_revista": "Revista de Educaci\u00f3n Superior",
          "estatus": "PUBLICADO"
        },
        {
          "autores": "P\u00e9rez, J. 3",
          "titulo": "Metodolog\u00edas de Investigaci\u00f3n Aplicada 3",
          "evento_revista": "Congreso Internacional de Educaci\u00f3n",
          "estatus": "ACEPTADO"
        }
      ],
      "eventos_academicos": [
        {
          "nombre_evento": "Seminario de Innovaci\u00f3n Educativa 3",
          "fecha": "2024-11-05",
          "tipo_participacion": "ORGANIZADOR"
        },
        {
          "nombre_evento": "Conferencia Nacional de Docencia 3",
          "fecha": "2024-12-01",
          "tipo_participacion": "PARTICIPANTE"
        }
      ],
      "diseno_curricular": [
        {
          "nombre_curso": "Fundamentos de Investigaci\u00f3n 3",
          "descripcion": "Curso dise\u00f1ado para estudiantes de pregrado 3"
        }
      ],
      "movilidad": [
        {
          "descripcion": "Intercambio acad\u00e9mico Universidad Internacional 3",
          "tipo": "INTERNACIONAL",
          "fecha": "2024-08-15"
        }
      ],
      "reconocimientos": [
        {
          "nombre": "Mejor Docente del A\u00f1o 3",
          "tipo": "PREMIO",
          "fecha": "2024-12-10"
        }
      ],
      "certificaciones": [
        {
          "nombre": "Certificaci\u00f3n en Docencia Universitaria 3",
          "fecha_obtencion": "2024-06-01",
          "fecha_vencimiento": "2026-06-01",
          "vigente": true
        }
      ]
    },
    {
      "id": 14,
      "nombre_completo": "Dr. Juan P\u00e9rez Docente 4",
      "correo_institucional": "docente4@universidad.edu",
      "a\u00f1o_academico": 2024,
      "trimestre": "Q4",
      "estado": "APROBADO",
      "fecha_envio": "2025-10-09T05:22:49.822575",
      "fecha_revision": "2025-10-09T05:22:49.926308",
      "revisado_por": "test_admin",
      "cursos_capacitacion": [
        {
          "nombre_curso": "Metodolog\u00edas Activas de Aprendizaje 4",
          "fecha": "2024-09-15",
          "horas": 40
        },
        {
          "nombre_curso": "Tecnolog\u00edas Educativas Digitales 4",
          "fecha": "2024-10-20",
          "horas": 30
        }
      ],
      "publicaciones": [
        {
          "autores": "P\u00e9rez, J., Garc\u00eda, M. 4",
          "titulo": "Innovaci\u00f3n Educativa en el Siglo XXI - Estudio 4",
          "evento_revista": "Revista de Educaci\u00f3n Superior",
          "estatus": "PUBLICADO"
        },
        {
          "autores": "P\u00e9rez, J. 4",
          "titulo": "Metodolog\u00edas de Investigaci\u00f3n Aplicada 4",
          "evento_revista": "Congreso Internacional de Educaci\u00f3n",
          "estatus": "ACEPTADO"
        }
      ],
      "eventos_academicos": [
        {
          "nombre_evento": "Seminario de Innovaci\u00f3n Educativa 4",
          "fecha": "2024-11-05",
          "tipo_participacion": "ORGANIZADOR"
        },
        {
          "nombre_evento": "Conferencia Nacional de Docencia 4",
          "fecha": "2024-12-01",
          "tipo_participacion": "PARTICIPANTE"
        }
      ],
      "diseno_curricular": [
        {
          "nombre_curso": "Fundamentos de Investigaci\u00f3n 4",
          "descripcion": "Curso dise\u00f1ado para estudiantes de pregrado 4"
        }
      ],
      "movilidad": [
        {
          "descripcion": "Intercambio acad\u00e9mico Universidad Internacional 4",
          "tipo": "INTERNACIONAL",
          "fecha": "2024-08-15"
        }
      ],
      "reconocimientos": [
        {
          "nombre": "Mejor Docente del A\u00f1o 4",
          "tipo": "PREMIO",
          "fecha": "2024-12-10"
        }
      ],
      "certificaciones": [
        {
          "nombre": "Certificaci\u00f3n en Docencia Universitaria 4",
          "fecha_obtencion": "2024-06-01",
          "fecha_vencimiento": "2026-06-01",
          "vigente": true
        }
      ]
    },
    {
      "id": 15,
      "nombre_completo": "Dr. Juan P\u00e9rez Docente 5",
      "correo_institucional": "docente5@universidad.edu",
      "a\u00f1o_academico": 2024,
      "trimestre": "Q4",
      "estado": "RECHAZADO",
      "fecha_envio": "2025-10-09T05:22:49.846777",
      "fecha_revision": "2025-10-09T05:22:49.942400",
      "revisado_por": "test_admin",
      "cursos_capacitacion": [
        {
          "nombre_curso": "Metodolog\u00edas Activas de Aprendizaje 5",
          "fecha": "2024-09-15",
          "horas": 40
        },
        {
          "nombre_curso": "Tecnolog\u00edas Educativas Digitales 5",
          "fecha": "2024-10-20",
          "horas": 30
        }
      ],
      "publicaciones": [
        {
          "autores": "P\u00e9rez, J., Garc\u00eda, M. 5",
          "titulo": "Innovaci\u00f3n Educativa en el Siglo XXI - Estudio 5",
          "evento_revista": "Revista de Educaci\u00f3n Superior",
          "estatus": "PUBLICADO"
        },
        {
          "autores": "P\u00e9rez, J. 5",
          "titulo": "Metodolog\u00edas de Investigaci\u00f3n Aplicada 5",
          "evento_revista": "Congreso Internacional de Educaci\u00f3n",
          "estatus": "ACEPTADO"
        }
      ],
      "eventos_academicos": [
        {
          "nombre_evento": "Seminario de Innovaci\u00f3n Educativa 5",
          "fecha": "2024-11-05",
          "tipo_participacion": "ORGANIZADOR"
        },
        {
          "nombre_evento": "Conferencia Nacional de Docencia 5",
          "fecha": "2024-12-01",
          "tipo_participacion": "PARTICIPANTE"
        }
      ],
      "diseno_curricular": [
        {
          "nombre_curso": "Fundamentos de Investigaci\u00f3n 5",
          "descripcion": "Curso dise\u00f1ado para estudiantes de pregrado 5"
        }
      ],
      "movilidad": [
        {
          "descripcion": "Intercambio acad\u00e9mico Universidad Internacional 5",
          "tipo": "INTERNACIONAL",
          "fecha": "2024-08-15"
        }
      ],
      "reconocimientos": [
        {
          "nombre": "Mejor Docente del A\u00f1o 5",
          "tipo": "PREMIO",
          "fecha": "2024-12-10"
        }
      ],
      "certificaciones": [
        {
          "nombre": "Certificaci\u00f3n en Docencia Universitaria 5",
          "fecha_obtencion": "2024-06-01",
          "fecha_vencimiento": "2026-06-01",
          "vigente": true
        }
      ]
    },
    {
      "id": 16,
      "nombre_completo": "Dr. Juan P\u00e9rez Docente 100",
      "correo_institucional": "docente100@universidad.edu",
      "a\u00f1o_academico": 2024,
      "trimestre": "Q4",
      "estado": "PENDIENTE",
      "fecha_envio": "2025-10-09T05:22:55.108843",
      "fecha_revision": null,
      "revisado_por": null,
      "cursos_capacitacion": [
        {
          "nombre_curso": "Metodolog\u00edas Activas de Aprendizaje 100",
          "fecha": "2024-09-15",
          "horas": 40
        },
        {
          "nombre_curso": "Tecnolog\u00edas Educativas Digitales 100",
          "fecha": "2024-10-20",
          "horas": 30
        },
        {
          "nombre_curso": "Metodolog\u00edas Activas de Aprendizaje 104",
          "fecha": "2024-09-15",
          "horas": 40
        },
        {
          "nombre_curso": "Tecnolog\u00edas Educativas Digitales 104",
          "fecha": "2024-10-20",
          "horas": 30
        }
      ],
      "publicaciones": [
        {
          "autores": "P\u00e9rez, J., Garc\u00eda, M. 100",
          "titulo": "Innovaci\u00f3n Educativa en el Siglo XXI - Estudio 100",
          "evento_revista": "Revista de Educaci\u00f3n Superior",
          "estatus": "PUBLICADO"
        },
        {
          "autores": "P\u00e9rez, J. 100",
          "titulo": "Metodolog\u00edas de Investigaci\u00f3n Aplicada 100",
          "evento_revista": "Congreso Internacional de Educaci\u00f3n",
          "estatus": "ACEPTADO"
        }
      ],
      "eventos_academicos": [
        {
          "nombre_evento": "Seminario de Innovaci\u00f3n Educativa 100",
          "fecha": "2024-11-05",
          "tipo_participacion": "ORGANIZADOR"
        },
        {
          "nombre_evento": "Conferencia Nacional de Docencia 100",
          "fecha": "2024-12-01",
          "tipo_participacion": "PARTICIPANTE"
        },
        {
          "nombre_evento": "Seminario de Innovaci\u00f3n Educativa 104",
          "fecha": "2024-11-05",
          "tipo_participacion": "ORGANIZADOR"
        },
        {
          "nombre_evento": "Conferencia Nacional de Docencia 104",
          "fecha": "2024-12-01",
          "tipo_participacion": "PARTICIPANTE"
        }
      ],
      "diseno_curricular": [
        {
          "nombre_curso": "Fundamentos de Investigaci\u00f3n 100",
          "descripcion": "Curso dise\u00f1ado para estudiantes de pregrado 100"
        },
        {
          "nombre_curso": "Fundamentos de Investigaci\u00f3n 104",
          "descripcion": "Curso dise\u00f1ado para estudiantes de pregrado 104"
        }
      ],
      "movilidad": [
        {
          "descripcion": "Intercambio acad\u00e9mico Universidad Internacional 100",
          "tipo": "INTERNACIONAL",
          "fecha": "2024-08-15"
        },
        {
          "descripcion": "Intercambio acad\u00e9mico Universidad Internacional 104",
          "tipo": "INTERNACIONAL",
          "fecha": "2024-08-15"
        }
      ],
      "reconocimientos": [
        {
          "nombre": "Mejor Docente del A\u00f1o 100",
          "tipo": "PREMIO",
          "fecha": "2024-12-10"
        }
      ],
      "certificaciones": [
        {
          "nombre": "Certificaci\u00f3n en Docencia Universitaria 100",
          "fecha_obtencion": "2024-06-01",
          "fecha_vencimiento": "2026-06-01",
          "vigente": true
        },
        {
          "nombre": "Certificaci\u00f3n en Docencia Universitaria 104",
          "fecha_obtencion": "2024-06-01",
          "fecha_vencimiento": "2026-06-01",
          "vigente": true
        }
      ]
    },
    {
      "id": 17,
      "nombre_completo": "Dr. Juan P\u00e9rez Docente 101",
      "correo_institucional": "docente101@universidad.edu",
      "a\u00f1o_academico": 2024,
      "trimestre": "Q4",
      "estado": "PENDIENTE",
      "fecha_envio": "2025-10-09T05:22:55.109853",
      "fecha_revision": null,
      "revisado_por": null,
      "cursos_capacitacion": [
        {
          "nombre_curso": "Metodolog\u00edas Activas de Aprendizaje 101",
          "fecha": "2024-09-15",
          "horas": 40
        },
        {
          "nombre_curso": "Tecnolog\u00edas Educativas Digitales 101",
          "fecha": "2024-10-20",
          "horas": 30
        }
      ],
      "publicaciones": [
        {
          "autores": "P\u00e9rez, J., Garc\u00eda, M. 101",
          "titulo": "Innovaci\u00f3n Educativa en el Siglo XXI - Estudio 101",
          "evento_revista": "Revista de Educaci\u00f3n Superior",
          "estatus": "PUBLICADO"
        }
      ],
      "eventos_academicos": [
        {
          "nombre_evento": "Seminario de Innovaci\u00f3n Educativa 101",
          "fecha": "2024-11-05",
          "tipo_participacion": "ORGANIZADOR"
        },
        {
          "nombre_evento": "Conferencia Nacional de Docencia 101",
          "fecha": "2024-12-01",
          "tipo_participacion": "PARTICIPANTE"
        }
      ],
      "diseno_curricular": [
        {
          "nombre_curso": "Fundamentos de Investigaci\u00f3n 101",
          "descripcion": "Curso dise\u00f1ado para estudiantes de pregrado 101"
        }
      ],
      "movilidad": [
        {
          "descripcion": "Intercambio acad\u00e9mico Universidad Internacional 101",
          "tipo": "INTERNACIONAL",
          "fecha": "2024-08-15"
        }
      ],
      "reconocimientos": [],
      "certificaciones": [
        {
          "nombre": "Certificaci\u00f3n en Docencia Universitaria 101",
          "fecha_obtencion": "2024-06-01",
          "fecha_vencimiento": "2026-06-01",
          "vigente": true
        }
      ]
    },
    {
      "id": 18,
      "nombre_completo": "Dr. Juan P\u00e9rez Docente 102",
      "correo_institucional": "docente102@universidad.edu",
      "a\u00f1o_academico": 2024,
      "trimestre": "Q4",
      "estado": "PENDIENTE",
      "fecha_envio": "2025-10-09T05:22:55.111855",
      "fecha_revision": null,
      "revisado_por": null,
      "cursos_capacitacion": [
        {
          "nombre_curso": "Metodolog\u00edas Activas de Aprendizaje 102",
          "fecha": "2024-09-15",
          "horas": 40
        },
        {
          "nombre_curso": "Tecnolog\u00edas Educativas Digitales 102",
          "fecha": "2024-10-20",
          "horas": 30
        }
      ],
      "publicaciones": [],
      "eventos_academicos": [
        {
          "nombre_evento": "Seminario de Innovaci\u00f3n Educativa 102",
          "fecha": "2024-11-05",
          "tipo_participacion": "ORGANIZADOR"
        },
        {
          "nombre_evento": "Conferencia Nacional de Docencia 102",
          "fecha": "2024-12-01",
          "tipo_participacion": "PARTICIPANTE"
        }
      ],
      "diseno_curricular": [
        {
          "nombre_curso": "Fundamentos de Investigaci\u00f3n 102",
          "descripcion": "Curso dise\u00f1ado para estudiantes de pregrado 102"
        }
      ],
      "movilidad": [],
      "reconocimientos": [],
      "certificaciones": [
        {
          "nombre": "Certificaci\u00f3n en Docencia Universitaria 102",
          "fecha_obtencion": "2024-06-01",
          "fecha_vencimiento": "2026-06-01",
          "vigente": true
        }
      ]
    },
    {
      "id": 19,
      "nombre_completo": "Dr. Juan P\u00e9rez Docente 103",
      "correo_institucional": "docente103@universidad.edu",
      "a\u00f1o_academico": 2024,
      "trimestre": "Q4",
      "estado": "PENDIENTE",
      "fecha_envio": "2025-10-09T05:22:55.124397",
      "fecha_revision": null,
      "revisado_por": null,
      "cursos_capacitacion": [
        {
          "nombre_curso": "Metodolog\u00edas Activas de Aprendizaje 103",
          "fecha": "2024-09-15",
          "horas": 40
        },
        {
          "nombre_curso": "Tecnolog\u00edas Educativas Digitales 103",
          "fecha": "2024-10-20",
          "horas": 30
        }
      ],
      "publicaciones": [
        {
          "autores": "P\u00e9rez, J., Garc\u00eda, M. 103",
          "titulo": "Innovaci\u00f3n Educativa en el Siglo XXI - Estudio 103",
          "evento_revista": "Revista de Educaci\u00f3n Superior",
          "estatus": "PUBLICADO"
        },
        {
          "autores": "P\u00e9rez, J. 103",
          "titulo": "Metodolog\u00edas de Investigaci\u00f3n Aplicada 103",
          "evento_revista": "Congreso Internacional de Educaci\u00f3n",
          "estatus": "ACEPTADO"
        }
      ],
      "eventos_academicos": [
        {
          "nombre_evento": "Seminario de Innovaci\u00f3n Educativa 103",
          "fecha": "2024-11-05",
          "tipo_participacion": "ORGANIZADOR"
        },
        {
          "nombre_evento": "Conferencia Nacional de Docencia 103",
          "fecha": "2024-12-01",
          "tipo_participacion": "PARTICIPANTE"
        }
      ],
      "diseno_curricular": [
        {
          "nombre_curso": "Fundamentos de Investigaci\u00f3n 103",
          "descripcion": "Curso dise\u00f1ado para estudiantes de pregrado 103"
        }
      ],
      "movilidad": [
        {
          "descripcion": "Intercambio acad\u00e9mico Universidad Internacional 103",
          "tipo": "INTERNACIONAL",
          "fecha": "2024-08-15"
        }
      ],
      "reconocimientos": [
        {
          "nombre": "Mejor Docente del A\u00f1o 103",
          "tipo": "PREMIO",
          "fecha": "2024-12-10"
        }
      ],
      "certificaciones": [
        {
          "nombre": "Certificaci\u00f3n en Docencia Universitaria 103",
          "fecha_obtencion": "2024-06-01",
          "fecha_vencimiento": "2026-06-01",
          "vigente": true
        }
      ]
    },
    {
      "id": 20,
      "nombre_completo": "Dr. Juan P\u00e9rez Docente 104",
      "correo_institucional": "docente104@universidad.edu",
      "a\u00f1o_academico": 2024,
      "trimestre": "Q4",
      "estado": "PENDIENTE",
      "fecha_envio": "2025-10-09T05:22:55.130923",
      "fecha_revision": null,
      "revisado_por": null,
      "cursos_capacitacion": [],
      "publicaciones": [],
      "eventos_academicos": [],
      "diseno_curricular": [],
      "movilidad": [],
      "reconocimientos": [],
      "certificaciones": []
    },
    {
      "id": 21,
      "nombre_completo": "Dr. Juan P\u00e9rez Docente 999",
      "correo_institucional": "docente999@universidad.edu",
      "a\u00f1o_academico": 2024,
      "trimestre": "Q4",
      "estado": "PENDIENTE",
      "fecha_envio": "2025-10-09T05:22:55.177124",
      "fecha_revision": null,
      "revisado_por": null,
      "cursos_capacitacion": [
        {
          "nombre_curso": "Metodolog\u00edas Activas de Aprendizaje 999",
          "fecha": "2024-09-15",
          "horas": 40
        },
        {
          "nombre_curso": "Tecnolog\u00edas Educativas Digitales 999",
          "fecha": "2024-10-20",
          "horas": 30
        }
      ],
      "publicaciones": [
        {
          "autores": "P\u00e9rez, J., Garc\u00eda, M. 999",
          "titulo": "Innovaci\u00f3n Educativa en el Siglo XXI - Estudio 999",
          "evento_revista": "Revista de Educaci\u00f3n Superior",
          "estatus": "PUBLICADO"
        },
        {
          "autores": "P\u00e9rez, J. 999",
          "titulo": "Metodolog\u00edas de Investigaci\u00f3n Aplicada 999",
          "evento_revista": "Congreso Internacional de Educaci\u00f3n",
          "estatus": "ACEPTADO"
        }
      ],
      "eventos_academicos": [
        {
          "nombre_evento": "Seminario de Innovaci\u00f3n Educativa 999",
          "fecha": "2024-11-05",
          "tipo_participacion": "ORGANIZADOR"
        },
        {
          "nombre_evento": "Conferencia Nacional de Docencia 999",
          "fecha": "2024-12-01",
          "tipo_participacion": "PARTICIPANTE"
        }
      ],
      "diseno_curricular": [
        {
          "nombre_curso": "Fundamentos de Investigaci\u00f3n 999",
          "descripcion": "Curso dise\u00f1ado para estudiantes de pregrado 999"
        }
      ],
      "movilidad": [
        {
          "descripcion": "Intercambio acad\u00e9mico Universidad Internacional 999",
          "tipo": "INTERNACIONAL",
          "fecha": "2024-08-15"
        }
      ],
      "reconocimientos": [
        {
          "nombre": "Mejor Docente del A\u00f1o 999",
          "tipo": "PREMIO",
          "fecha": "2024-12-10"
        }
      ],
      "certificaciones": [
        {
          "nombre": "Certificaci\u00f3n en Docencia Universitaria 999",
          "fecha_obtencion": "2024-06-01",
          "fecha_vencimiento": "2026-06-01",
          "vigente": true
        }
      ]
    },
    {
      "id": 22,
      "nombre_completo": "Dr. Juan P\u00e9rez Docente 1",
      "correo_institucional": "docente1@universidad.edu",
      "a\u00f1o_academico": 2024,
      "trimestre": "Q4",
      "estado": "APROBADO",
      "fecha_envio": "2025-10-09T05:29:06.213899",
      "fecha_revision": "2025-10-09T05:29:06.390790",
      "revisado_por": "test_admin",
      "cursos_capacitacion": [
        {
          "nombre_curso": "Metodolog\u00edas Activas de Aprendizaje 1",
          "fecha": "2024-09-15",
          "horas": 40
        },
        {
          "nombre_curso": "Tecnolog\u00edas Educativas Digitales 1",
          "fecha": "2024-10-20",
          "horas": 30
        }
      ],
      "publicaciones": [
        {
          "autores": "P\u00e9rez, J., Garc\u00eda, M. 1",
          "titulo": "Innovaci\u00f3n Educativa en el Siglo XXI - Estudio 1",
          "evento_revista": "Revista de Educaci\u00f3n Superior",
          "estatus": "PUBLICADO"
        },
        {
          "autores": "P\u00e9rez, J. 1",
          "titulo": "Metodolog\u00edas de Investigaci\u00f3n Aplicada 1",
          "evento_revista": "Congreso Internacional de Educaci\u00f3n",
          "estatus": "ACEPTADO"
        }
      ],
      "eventos_academicos": [
        {
          "nombre_evento": "Seminario de Innovaci\u00f3n Educativa 1",
          "fecha": "2024-11-05",
          "tipo_participacion": "ORGANIZADOR"
        },
        {
          "nombre_evento": "Conferencia Nacional de Docencia 1",
          "fecha": "2024-12-01",
          "tipo_participacion": "PARTICIPANTE"
        }
      ],
      "diseno_curricular": [
        {
          "nombre_curso": "Fundamentos de Investigaci\u00f3n 1",
          "descripcion": "Curso dise\u00f1ado para estudiantes de pregrado 1"
        }
      ],
      "movilidad": [
        {
          "descripcion": "Intercambio acad\u00e9mico Universidad Internacional 1",
          "tipo": "INTERNACIONAL",
          "fecha": "2024-08-15"
        }
      ],
      "reconocimientos": [
        {
          "nombre": "Mejor Docente del A\u00f1o 1",
          "tipo": "PREMIO",
          "fecha": "2024-12-10"
        }
      ],
      "certificaciones": [
        {
          "nombre": "Certificaci\u00f3n en Docencia Universitaria 1",
          "fecha_obtencion": "2024-06-01",
          "fecha_vencimiento": "2026-06-01",
          "vigente": true
        }
      ]
    },
    {
      "id": 23,
      "nombre_completo": "Dr. Juan P\u00e9rez Docente 2",
      "correo_institucional": "docente2@universidad.edu",
      "a\u00f1o_academico": 2024,
      "trimestre": "Q4",
      "estado": "APROBADO",
      "fecha_envio": "2025-10-09T05:29:06.309663",
      "fecha_revision": "2025-10-09T05:29:06.404795",
      "revisado_por": "test_admin",
      "cursos_capacitacion": [
        {
          "nombre_curso": "Metodolog\u00edas Activas de Aprendizaje 2",
          "fecha": "2024-09-15",
          "horas": 40
        },
        {
          "nombre_curso": "Tecnolog\u00edas Educativas Digitales 2",
          "fecha": "2024-10-20",
          "horas": 30
        }
      ],
      "publicaciones": [
        {
          "autores": "P\u00e9rez, J., Garc\u00eda, M. 2",
          "titulo": "Innovaci\u00f3n Educativa en el Siglo XXI - Estudio 2",
          "evento_revista": "Revista de Educaci\u00f3n Superior",
          "estatus": "PUBLICADO"
        },
        {
          "autores": "P\u00e9rez, J. 2",
          "titulo": "Metodolog\u00edas de Investigaci\u00f3n Aplicada 2",
          "evento_revista": "Congreso Internacional de Educaci\u00f3n",
          "estatus": "ACEPTADO"
        }
      ],
      "eventos_academicos": [
        {
          "nombre_evento": "Seminario de Innovaci\u00f3n Educativa 2",
          "fecha": "2024-11-05",
          "tipo_participacion": "ORGANIZADOR"
        },
        {
          "nombre_evento": "Conferencia Nacional de Docencia 2",
          "fecha": "2024-12-01",
          "tipo_participacion": "PARTICIPANTE"
        }
      ],
      "diseno_curricular": [
        {
          "nombre_curso": "Fundamentos de Investigaci\u00f3n 2",
          "descripcion": "Curso dise\u00f1ado para estudiantes de pregrado 2"
        }
      ],
      "movilidad": [
        {
          "descripcion": "Intercambio acad\u00e9mico Universidad Internacional 2",
          "tipo": "INTERNACIONAL",
          "fecha": "2024-08-15"
        }
      ],
      "reconocimientos": [
        {
          "nombre": "Mejor Docente del A\u00f1o 2",
          "tipo": "PREMIO",
          "fecha": "2024-12-10"
        }
      ],
      "certificaciones": [
        {
          "nombre": "Certificaci\u00f3n en Docencia Universitaria 2",
          "fecha_obtencion": "2024-06-01",
          "fecha_vencimiento": "2026-06-01",
          "vigente": true
        }
      ]
    },
    {
      "id": 24,
      "nombre_completo": "Dr. Juan P\u00e9rez Docente 3",
      "correo_institucional": "docente3@universidad.edu",
      "a\u00f1o_academico": 2024,
      "trimestre": "Q4",
      "estado": "APROBADO",
      "fecha_envio": "2025-10-09T05:29:06.326665",
      "fecha_revision": "2025-10-09T05:29:06.419827",
      "revisado_por": "test_admin",
      "cursos_capacitacion": [
        {
          "nombre_curso": "Metodolog\u00edas Activas de Aprendizaje 3",
          "fecha": "2024-09-15",
          "horas": 40
        },
        {
          "nombre_curso": "Tecnolog\u00edas Educativas Digitales 3",
          "fecha": "2024-10-20",
          "horas": 30
        }
      ],
      "publicaciones": [
        {
          "autores": "P\u00e9rez, J., Garc\u00eda, M. 3",
          "titulo": "Innovaci\u00f3n Educativa en el Siglo XXI - Estudio 3",
          "evento_revista": "Revista de Educaci\u00f3n Superior",
          "estatus": "PUBLICADO"
        },
        {
          "autores": "P\u00e9rez, J. 3",
          "titulo": "Metodolog\u00edas de Investigaci\u00f3n Aplicada 3",
          "evento_revista": "Congreso Internacional de Educaci\u00f3n",
          "estatus": "ACEPTADO"
        }
      ],
      "eventos_academicos": [
        {
          "nombre_evento": "Seminario de Innovaci\u00f3n Educativa 3",
          "fecha": "2024-11-05",
          "tipo_participacion": "ORGANIZADOR"
        },
        {
          "nombre_evento": "Conferencia Nacional de Docencia 3",
          "fecha": "2024-12-01",
          "tipo_participacion": "PARTICIPANTE"
        }
      ],
      "diseno_curricular": [
        {
          "nombre_curso": "Fundamentos de Investigaci\u00f3n 3",
          "descripcion": "Curso dise\u00f1ado para estudiantes de pregrado 3"
        }
      ],
      "movilidad": [
        {
          "descripcion": "Intercambio acad\u00e9mico Universidad Internacional 3",
          "tipo": "INTERNACIONAL",
          "fecha": "2024-08-15"
        }
      ],
      "reconocimientos": [
        {
          "nombre": "Mejor Docente del A\u00f1o 3",
          "tipo": "PREMIO",
          "fecha": "2024-12-10"
        }
      ],
      "certificaciones": [
        {
          "nombre": "Certificaci\u00f3n en Docencia Universitaria 3",
          "fecha_obtencion": "2024-06-01",
          "fecha_vencimiento": "2026-06-01",
          "vigente": true
        }
      ]
    },
    {
      "id": 25,
      "nombre_completo": "Dr. Juan P\u00e9rez Docente 4",
      "correo_institucional": "docente4@universidad.edu",
      "a\u00f1o_academico": 2024,
      "trimestre": "Q4",
      "estado": "APROBADO",
      "fecha_envio": "2025-10-09T05:29:06.345697",
      "fecha_revision": "2025-10-09T05:29:06.431833",
      "revisado_por": "test_admin",
      "cursos_capacitacion": [
        {
          "nombre_curso": "Metodolog\u00edas Activas de Aprendizaje 4",
          "fecha": "2024-09-15",
          "horas": 40
        },
        {
          "nombre_curso": "Tecnolog\u00edas Educativas Digitales 4",
          "fecha": "2024-10-20",
          "horas": 30
        }
      ],
      "publicaciones": [
        {
          "autores": "P\u00e9rez, J., Garc\u00eda, M. 4",
          "titulo": "Innovaci\u00f3n Educativa en el Siglo XXI - Estudio 4",
          "evento_revista": "Revista de Educaci\u00f3n Superior",
          "estatus": "PUBLICADO"
        },
        {
          "autores": "P\u00e9rez, J. 4",
          "titulo": "Metodolog\u00edas de Investigaci\u00f3n Aplicada 4",
          "evento_revista": "Congreso Internacional de Educaci\u00f3n",
          "estatus": "ACEPTADO"
        }
      ],
      "eventos_academicos": [
        {
          "nombre_evento": "Seminario de Innovaci\u00f3n Educativa 4",
          "fecha": "2024-11-05",
          "tipo_participacion": "ORGANIZADOR"
        },
        {
          "nombre_evento": "Conferencia Nacional de Docencia 4",
          "fecha": "2024-12-01",
          "tipo_participacion": "PARTICIPANTE"
        }
      ],
      "diseno_curricular": [
        {
          "nombre_curso": "Fundamentos de Investigaci\u00f3n 4",
          "descripcion": "Curso dise\u00f1ado para estudiantes de pregrado 4"
        }
      ],
      "movilidad": [
        {
          "descripcion": "Intercambio acad\u00e9mico Universidad Internacional 4",
          "tipo": "INTERNACIONAL",
          "fecha": "2024-08-15"
        }
      ],
      "reconocimientos": [
        {
          "nombre": "Mejor Docente del A\u00f1o 4",
          "tipo": "PREMIO",
          "fecha": "2024-12-10"
        }
      ],
      "certificaciones": [
        {
          "nombre": "Certificaci\u00f3n en Docencia Universitaria 4",
          "fecha_obtencion": "2024-06-01",
          "fecha_vencimiento": "2026-06-01",
          "vigente": true
        }
      ]
    },
    {
      "id": 26,
      "nombre_completo": "Dr. Juan P\u00e9rez Docente 5",
      "correo_institucional": "docente5@universidad.edu",
      "a\u00f1o_academico": 2024,
      "trimestre": "Q4",
      "estado": "RECHAZADO",
      "fecha_envio": "2025-10-09T05:29:06.365725",
      "fecha_revision": "2025-10-09T05:29:06.446839",
      "revisado_por": "test_admin",
      "cursos_capacitacion": [
        {
          "nombre_curso": "Metodolog\u00edas Activas de Aprendizaje 5",
          "fecha": "2024-09-15",
          "horas": 40
        },
        {
          "nombre_curso": "Tecnolog\u00edas Educativas Digitales 5",
          "fecha": "2024-10-20",
          "horas": 30
        }
      ],
      "publicaciones": [
        {
          "autores": "P\u00e9rez, J., Garc\u00eda, M. 5",
          "titulo": "Innovaci\u00f3n Educativa en el Siglo XXI - Estudio 5",
          "evento_revista": "Revista de Educaci\u00f3n Superior",
          "estatus": "PUBLICADO"
        },
        {
          "autores": "P\u00e9rez, J. 5",
          "titulo": "Metodolog\u00edas de Investigaci\u00f3n Aplicada 5",
          "evento_revista": "Congreso Internacional de Educaci\u00f3n",
          "estatus": "ACEPTADO"
        }
      ],
      "eventos_academicos": [
        {
          "nombre_evento": "Seminario de Innovaci\u00f3n Educativa 5",
          "fecha": "2024-11-05",
          "tipo_participacion": "ORGANIZADOR"
        },
        {
          "nombre_evento": "Conferencia Nacional de Docencia 5",
          "fecha": "2024-12-01",
          "tipo_participacion": "PARTICIPANTE"
        }
      ],
      "diseno_curricular": [
        {
          "nombre_curso": "Fundamentos de Investigaci\u00f3n 5",
          "descripcion": "Curso dise\u00f1ado para estudiantes de pregrado 5"
        }
      ],
      "movilidad": [
        {
          "descripcion": "Intercambio acad\u00e9mico Universidad Internacional 5",
          "tipo": "INTERNACIONAL",
          "fecha": "2024-08-15"
        }
      ],
      "reconocimientos": [
        {
          "nombre": "Mejor Docente del A\u00f1o 5",
          "tipo": "PREMIO",
          "fecha": "2024-12-10"
        }
      ],
      "certificaciones": [
        {
          "nombre": "Certificaci\u00f3n en Docencia Universitaria 5",
          "fecha_obtencion": "2024-06-01",
          "fecha_vencimiento": "2026-06-01",
          "vigente": true
        }
      ]
    }
  ]
}