{
  "export_date": "2025-10-08T14:18:57.702229",
  "total_forms": 5,
  "forms": [
    {
      "id": 1,
      "nombre_completo": "Josue Emmanuel Flores Carballo",
      "correo_institucional": "josue@gmail.com",
      "a\u00f1o_academico": 2025,
      "trimestre": "Trimestre 1",
      "estado": "APROBADO",
      "fecha_envio": "2025-10-08T17:38:54.688703",
      "fecha_revision": "2025-10-08T18:19:06.716603",
      "revisado_por": "streamlit_admin",
      "cursos_capacitacion": [
        {
          "nombre_curso": "Metodolog\u00edas Activas de Aprendizaje",
          "fecha": "2025-03-15",
          "horas": 40
        }
      ],
      "publicaciones": [],
      "eventos_academicos": [],
      "diseno_curricular": [],
      "movilidad": [],
      "reconocimientos": [],
      "certificaciones": [
        {
          "nombre": "IA",
          "fecha_obtencion": "2025-10-01",
          "fecha_vencimiento": "2025-10-31",
          "vigente": true
        }
      ]
    },
    {
      "id": 2,
      "nombre_completo": "jOSUE EMMANUEL FLORES C ARBALO",
      "correo_institucional": "JOSUE@hotmail.com",
      "a\u00f1o_academico": 2025,
      "trimestre": "Trimestre 1",
      "estado": "APROBADO",
      "fecha_envio": "2025-10-08T17:50:12.423773",
      "fecha_revision": "2025-10-08T18:19:21.692764",
      "revisado_por": "streamlit_admin",
      "cursos_capacitacion": [],
      "publicaciones": [],
      "eventos_academicos": [],
      "diseno_curricular": [],
      "movilidad": [],
      "reconocimientos": [],
      "certificaciones": [
        {
          "nombre": "IA",
          "fecha_obtencion": "2025-10-08",
          "fecha_vencimiento": "2025-10-30",
          "vigente": true
        }
      ]
    },
    {
      "id": 3,
      "nombre_completo": "Rasputia Culiacan",
      "correo_institucional": "Rasputia@gmail.com",
      "a\u00f1o_academico": 2025,
      "trimestre": "Trimestre 1",
      "estado": "APROBADO",
      "fecha_envio": "2025-10-08T18:09:13.130759",
      "fecha_revision": "2025-10-08T18:19:12.768599",
      "revisado_por": "streamlit_admin",
      "cursos_capacitacion": [],
      "publicaciones": [],
      "eventos_academicos": [],
      "diseno_curricular": [
        {
          "nombre_curso": "IA GENERATIVA",
          "descripcion": "CUROS DE INTELIGENCIA ARTIFICAL GENERATIVA"
        }
      ],
      "movilidad": [],
      "reconocimientos": [],
      "certificaciones": []
    },
    {
      "id": 4,
      "nombre_completo": "prueba maestro 1",
      "correo_institucional": "maestro1@gmial.com",
      "a\u00f1o_academico": 2025,
      "trimestre": "Trimestre 1",
      "estado": "APROBADO",
      "fecha_envio": "2025-10-08T18:45:35.330782",
      "fecha_revision": "2025-10-08T18:49:04.526064",
      "revisado_por": "streamlit_admin",
      "cursos_capacitacion": [],
      "publicaciones": [
        {
          "autores": "Elenes,Luis,Eduardo,Valenzuela",
          "titulo": "Los penes hablan",
          "evento_revista": "Revista",
          "estatus": "ACEPTADO"
        }
      ],
      "eventos_academicos": [
        {
          "nombre_evento": "Feria de libros",
          "fecha": "2025-10-01",
          "tipo_participacion": "PARTICIPANTE"
        }
      ],
      "diseno_curricular": [],
      "movilidad": [],
      "reconocimientos": [],
      "certificaciones": []
    },
    {
      "id": 5,
      "nombre_completo": "Nigga",
      "correo_institucional": "nigga@gmail.com",
      "a\u00f1o_academico": 2025,
      "trimestre": "Trimestre 3",
      "estado": "RECHAZADO",
      "fecha_envio": "2025-10-08T19:42:34.690654",
      "fecha_revision": "2025-10-08T19:46:52.655334",
      "revisado_por": "streamlit_admin",
      "cursos_capacitacion": [],
      "publicaciones": [],
      "eventos_academicos": [],
      "diseno_curricular": [],
      "movilidad": [],
      "reconocimientos": [],
      "certificaciones": [
        {
          "nombre": "Education Certified Trainer",
          "fecha_obtencion": "2025-10-08",
          "fecha_vencimiento": "2026-10-16",
          "vigente": true
        },
        {
          "nombre": "USING KIRO",
          "fecha_obtencion": "2025-10-31",
          "fecha_vencimiento": "2026-10-30",
          "vigente": true
        }
      ]
    }
  ]
}